procedure_id,mouse_id,procedure_type,procedure_date,series_id,session_no,operator,anesthesia,anesthesia_route,analgesia,analgesia_route,construct/dye,injection_route,site1_hemi,site1_region,site1_ap,site1_ml,site1_dv,outcome,notebook_scan,notes,days_since
pr-ts1-01,ts1,cranial_window,2022-06-08,,,ts,,,,,,,,,,,,,,チャンバーづけ,1556
pr-ts2-01,ts2,cranial_window,2022-06-09,,,ts,,,,,,,,,,,,,,チャンバーづけ,1555
pr-ts3-01,ts3,other,2022-11-11,,,ts,,,,,,,,,,,,,,FastBlue,1400
pr-ts4-01,ts4,CM_injection,2022-11-17,,,ts,,,,,,,,,,,,,,CM Catheter,1394
pr-ts4-02,ts4,cranial_window,2022-11-17,,,ts,,,,,,,,,,,,,,チャンバーづけ,1394
pr-ts5-01,ts5,CM_injection,2022-11-21,,,ts,,,,,,,,,,,,,,CM Catheter,1390
pr-ts5-02,ts5,cranial_window,2022-11-21,,,ts,,,,,,,,,,,,,,チャンバーづけ,1390
pr-ts6-01,ts6,CM_injection,2022-11-21,,,ts,,,,,,,,,,,,,,CM Catheter,1390
pr-ts6-02,ts6,cranial_window,2022-11-21,,,ts,,,,,,,,,,,,,,チャンバーづけ,1390
pr-ts7-01,ts7,CM_injection,2022-11-25,,,ts,,,,,,,,,,,,,,CM Catheter,1386
pr-ts7-02,ts7,cranial_window,2022-11-25,,,ts,,,,,,,,,,,,,,チャンバーづけ,1386
pr-ts8-01,ts8,CM_injection,2022-11-25,,,ts,,,,,,,,,,,,,,CM Catheter,1386
pr-ts8-02,ts8,cranial_window,2022-11-25,,,ts,,,,,,,,,,,,,,チャンバーづけ,1386
pr-ts9-01,ts9,other,2022-12-06,,,ts,,,,,,,,,,,,,,FastBlue,1375
pr-ts10-01,ts10,CM_injection,2023-01-13,,,ts,,,,,,,,,,,,,,CM Catheter,1337
pr-ts10-02,ts10,cranial_window,2023-01-13,,,ts,,,,,,,,,,,,,,Window,1337
pr-ts11-01,ts11,CSF_collection,2023-11-06,,,ts,,,,,,,,,,,,,,CSF Collection,1040
pr-ts12-01,ts12,CSF_collection,2023-11-07,,,ts,,,,,,,,,,,,,,CSF Collection,1039
pr-ts13-01,ts13,cranial_window,2023-11-09,,,ts,,,,,,,,,,,,,,Cranial window,1037
pr-ts14-01,ts14,CSF_collection,2023-11-13,,,ts,,,,,,,,,,,,,,CSF Collection,1033
pr-ts15-01,ts15,CSF_collection,2023-11-13,,,ts,,,,,,,,,,,,,,CSF Collection,1033
pr-ts16-01,ts16,CSF_collection,2023-11-13,,,ts,,,,,,,,,,,,,,CSF Collection,1033
pr-ts17-01,ts17,CSF_collection,2023-11-14,,,ts,,,,,,,,,,,,,,CSF Collection,1032
pr-ts18-01,ts18,CSF_collection,2023-11-14,,,ts,,,,,,,,,,,,,,CSF Collection,1032
pr-ts19-01,ts19,femoral_catheter,2023-11-16,,,ts,,,,,,,,,,,,,,Femoral artery catheter,1030
pr-ts20-01,ts20,cranial_window,2023-11-27,,,ts,,,,,,,,,,,,,,Cranial window,1019
pr-ts21-01,ts21,cranial_window,2023-12-06,,,ts,,,,,,,,,,,,,,Cranial window,1010
pr-ts22-01,ts22,other,2023-12-08,,,ts,,,,,,,,,,,,,,Needle insertion,1008
pr-ts23-01,ts23,cranial_window,2023-12-12,,,ts,,,,,,,,,,,,,,Cranial window,1004
pr-ts24-01,ts24,CM_injection,2023-12-18,,,ts,,,,,,,,,,,,,,CM Catheter,998
pr-ts24-02,ts24,cranial_window,2023-12-18,,,ts,,,,,,,,,,,,,,チャンバーづけ,998
pr-ts25-01,ts25,CM_injection,2023-12-29,,,ts,,,,,,,,,,,,,,CM Catheter,987
pr-ts25-02,ts25,cranial_window,2023-12-29,,,ts,,,,,,,,,,,,,,チャンバーづけ,987
pr-ts26-01,ts26,cranial_window,2024-01-10,,,ts,,,,,,,,,,,,,,Cranial window,975
pr-ts27-01,ts27,cranial_window,2024-01-11,,,ts,,,,,,,,,,,,,,Cranial window,974
pr-ts28-01,ts28,CM_injection,2024-01-16,,,ts,,,,,,,,,,,,,,CM Catheter,969
pr-ts28-02,ts28,cranial_window,2024-01-16,,,ts,,,,,,,,,,,,,,Window,969
pr-ts29-01,ts29,CM_injection,2024-01-19,,,ts,,,,,,,,,,,,,,CM Catheter,966
pr-ts29-02,ts29,cranial_window,2024-01-19,,,ts,,,,,,,,,,,,,,Window,966
pr-ts30-01,ts30,CM_injection,2024-01-23,,,ts,,,,,,,,,,,,,,CM Catheter,962
pr-ts30-02,ts30,cranial_window,2024-01-23,,,ts,,,,,,,,,,,,,,Window,962
pr-ts31-01,ts31,CSF_collection,2024-01-30,,,ts,,,,,,,,,,,,,,CSF Collection,955
pr-ts31-02,ts31,cranial_window,2024-01-30,,,ts,,,,,,,,,,,,,,チャンバーづけ,955
pr-ts32-01,ts32,CSF_collection,2024-02-07,,,ts,,,,,,,,,,,,,,CSF Collection,947
pr-ts32-02,ts32,cranial_window,2024-02-07,,,ts,,,,,,,,,,,,,,チャンバーづけ,947
pr-ts33-01,ts33,CSF_collection,2024-02-07,,,ts,,,,,,,,,,,,,,CSF Collection,947
pr-ts33-02,ts33,cranial_window,2024-02-07,,,ts,,,,,,,,,,,,,,チャンバーづけ,947
pr-ts34-01,ts34,CSF_collection,2024-02-07,,,ts,,,,,,,,,,,,,,CSF Collection,947
pr-ts34-02,ts34,cranial_window,2024-02-07,,,ts,,,,,,,,,,,,,,チャンバーづけ,947
pr-ts35-01,ts35,CSF_collection,2024-02-07,,,ts,,,,,,,,,,,,,,CSF Collection,947
pr-ts35-02,ts35,cranial_window,2024-02-07,,,ts,,,,,,,,,,,,,,チャンバーづけ,947
pr-ts36-01,ts36,CSF_collection,2024-02-08,,,ts,,,,,,,,,,,,,,CSF Collection,946
pr-ts36-02,ts36,cranial_window,2024-02-08,,,ts,,,,,,,,,,,,,,チャンバーづけ,946
pr-ts37-01,ts37,CSF_collection,2024-02-08,,,ts,,,,,,,,,,,,,,CSF Collection,946
pr-ts37-02,ts37,cranial_window,2024-02-08,,,ts,,,,,,,,,,,,,,チャンバーづけ,946
pr-ts38-01,ts38,CSF_collection,2024-02-08,,,ts,,,,,,,,,,,,,,CSF Collection,946
pr-ts38-02,ts38,cranial_window,2024-02-08,,,ts,,,,,,,,,,,,,,チャンバーづけ,946
pr-ts39-01,ts39,CSF_collection,2024-02-19,,,ts,,,,,,,,,,,,,,CSF Collection,935
pr-ts39-02,ts39,cranial_window,2024-02-19,,,ts,,,,,,,,,,,,,,チャンバーづけ,935
pr-ts40-01,ts40,CSF_collection,2024-02-19,,,ts,,,,,,,,,,,,,,CSF Collection,935
pr-ts40-02,ts40,cranial_window,2024-02-19,,,ts,,,,,,,,,,,,,,チャンバーづけ,935
pr-ts41-01,ts41,CSF_collection,2024-02-19,,,ts,,,,,,,,,,,,,,CSF Collection,935
pr-ts41-02,ts41,cranial_window,2024-02-19,,,ts,,,,,,,,,,,,,,チャンバーづけ,935
pr-ts42-01,ts42,CSF_collection,2024-02-19,,,ts,,,,,,,,,,,,,,CSF Collection,935
pr-ts42-02,ts42,cranial_window,2024-02-19,,,ts,,,,,,,,,,,,,,チャンバーづけ,935
pr-ts43-01,ts43,CM_injection,2024-02-29,,,ts,,,,,,,,,,,,,,CM Catheter,925
pr-ts43-02,ts43,cranial_window,2024-02-29,,,ts,,,,,,,,,,,,,,Window,925
pr-ts44-01,ts44,other,2024-02-29,,,ts,,,,,,,,,,,,,,Injection,925
pr-ts44-02,ts44,cranial_window,2024-02-29,,,ts,,,,,,,,,,,,,,チャンバーづけ,925
pr-ts45-01,ts45,CM_injection,2024-03-04,,,ts,,,,,,,,,,,,,,CM Catheter,921
pr-ts45-02,ts45,cranial_window,2024-03-04,,,ts,,,,,,,,,,,,,,Window,921
pr-ts46-01,ts46,CM_injection,2024-03-06,,,ts,,,,,,,,,,,,,,CM Catheter,919
pr-ts46-02,ts46,cranial_window,2024-03-06,,,ts,,,,,,,,,,,,,,チャンバーづけ,919
pr-ts47-01,ts47,CM_injection,2024-03-06,,,ts,,,,,,,,,,,,,,CM Catheter,919
pr-ts47-02,ts47,cranial_window,2024-03-06,,,ts,,,,,,,,,,,,,,チャンバーづけ,919
pr-ts48-01,ts48,CM_injection,2024-03-07,,,ts,,,,,,,,,,,,,,CM Catheter,918
pr-ts48-02,ts48,cranial_window,2024-03-07,,,ts,,,,,,,,,,,,,,チャンバーづけ,918
pr-ts49-01,ts49,CM_injection,2024-03-07,,,ts,,,,,,,,,,,,,,CM Catheter,918
pr-ts49-02,ts49,cranial_window,2024-03-07,,,ts,,,,,,,,,,,,,,Window,918
pr-ts50-01,ts50,CM_injection,2024-03-08,,,ts,,,,,,,,,,,,,,CM Catheter,917
pr-ts50-02,ts50,cranial_window,2024-03-08,,,ts,,,,,,,,,,,,,,Window,917
pr-ts51-01,ts51,cranial_window,2024-03-14,,,ts,,,,,,,,,,,,,,Cranial window,911
pr-ts52-01,ts52,femoral_catheter,2024-03-19,,,ts,,,,,,,,,,,,,,Femoral vein catheter,906
pr-ts52-02,ts52,cranial_window,2024-03-19,,,ts,,,,,,,,,,,,,,チャンバーづけ,906
pr-ts53-01,ts53,cranial_window,2024-03-21,,,ts,,,,,,,,,,,,,,Cranial window,904
pr-ts53-02,ts53,other,2024-03-21,,,ts,,,,,,,,,,,,,,injection,904
pr-ts54-01,ts54,cranial_window,2024-04-01,,,ts,,,,,,,,,,,,,,Cranial window,893
pr-ts54-02,ts54,viral_injection,2024-04-01,,,ts,,,,,,,,,,,,,,AAV injection,893
pr-ts55-01,ts55,cranial_window,2024-04-03,,,ts,,,,,,,,,,,,,,Cranial window,891
pr-ts55-02,ts55,viral_injection,2024-04-03,,,ts,,,,,,,,,,,,,,AAV injection,891
pr-ts56-01,ts56,cranial_window,2024-04-04,,,ts,,,,,,,,,,,,,,Cranial window,890
pr-ts56-02,ts56,viral_injection,2024-04-04,,,ts,,,,,,,,,,,,,,AAV injection,890
pr-ts57-01,ts57,cranial_window,2024-04-05,,,ts,,,,,,,,,,,,,,Cranial window,889
pr-ts57-02,ts57,viral_injection,2024-04-05,,,ts,,,,,,,,,,,,,,AAV injection,889
pr-ts58-01,ts58,other,2024-04-11,,,ts,,,,,,,,,,,,,,Injection,883
pr-ts58-02,ts58,cranial_window,2024-04-11,,,ts,,,,,,,,,,,,,,チャンバーづけ,883
pr-ts59-01,ts59,cranial_window,2024-04-16,,,ts,,,,,,,,,,,,,,Cranial window,878
pr-ts59-02,ts59,femoral_catheter,2024-04-16,,,ts,,,,,,,,,,,,,,Femoral vein catheter,878
pr-ts60-01,ts60,cranial_window,2024-04-17,,,ts,,,,,,,,,,,,,,Cranial window,877
pr-ts61-01,ts61,cranial_window,2024-04-18,,,ts,,,,,,,,,,,,,,Cranial window,876
pr-ts61-02,ts61,other,2024-04-18,,,ts,,,,,,,,,,,,,,inj,876
pr-ts62-01,ts62,cranial_window,2024-04-25,,,ts,,,,,,,,,,,,,,Cranial window,869
pr-ts63-01,ts63,cranial_window,2024-04-26,,,ts,,,,,,,,,,,,,,Cranial window,868
pr-ts64-01,ts64,perfusion_fix,2024-05-10,,,ts,,,,,,,,,,,,,,Fix,854
pr-ts65-01,ts65,perfusion_fix,2024-05-10,,,ts,,,,,,,,,,,,,,Fix,854
pr-ts66-01,ts66,perfusion_fix,2024-05-10,,,ts,,,,,,,,,,,,,,Fix,854
pr-ts67-01,ts67,cranial_window,2024-05-17,,,ts,,,,,,,,,,,,,,Cranial window,847
pr-ts67-02,ts67,viral_injection,2024-05-17,,,ts,,,,,,,,,,,,,,AAV injection,847
pr-ts68-01,ts68,perfusion_fix,2024-05-21,,,ts,,,,,,,,,,,,,,Fix,843
pr-ts69-01,ts69,perfusion_fix,2024-05-21,,,ts,,,,,,,,,,,,,,Fix,843
pr-ts70-01,ts70,femoral_catheter,2024-05-21,,,ts,,,,,,,,,,,,,,Femoral vein catheter,843
pr-ts70-02,ts70,cranial_window,2024-05-21,,,ts,,,,,,,,,,,,,,チャンバーづけ,843
pr-ts71-01,ts71,femoral_catheter,2024-05-22,,,ts,,,,,,,,,,,,,,Femoral vein catheter,842
pr-ts71-02,ts71,cranial_window,2024-05-22,,,ts,,,,,,,,,,,,,,チャンバーづけ,842
pr-ts72-01,ts72,cranial_window,2024-05-28,,,ts,,,,,,,,,,,,,,Cranial window,836
pr-ts73-01,ts73,cranial_window,2024-05-31,,,ts,,,,,,,,,,,,,,Cranial window,833
pr-ts74-01,ts74,cranial_window,2024-05-31,,,ts,,,,,,,,,,,,,,Cranial window,833
pr-ts75-01,ts75,cranial_window,2024-06-05,,,ts,,,,,,,,,,,,,,Cranial window,828
pr-ts76-01,ts76,cranial_window,2024-06-05,,,ts,,,,,,,,,,,,,,Cranial window,828
pr-ts77-01,ts77,cranial_window,2024-06-05,,,ts,,,,,,,,,,,,,,Cranial window,828
pr-ts78-01,ts78,cranial_window,2024-06-05,,,ts,,,,,,,,,,,,,,Cranial window,828
pr-ts79-01,ts79,cranial_window,2024-06-07,,,ts,,,,,,,,,,,,,,Cranial window,826
pr-ts80-01,ts80,cranial_window,2024-06-07,,,ts,,,,,,,,,,,,,,Cranial window,826
pr-ts81-01,ts81,cranial_window,2024-06-08,,,ts,,,,,,,,,,,,,,Cranial window,825
pr-ts82-01,ts82,perfusion_fix,2024-06-09,,,ts,,,,,,,,,,,,,,Fix,824
pr-ts83-01,ts83,imaging,2024-06-17,,,ts,,,,,,,,,,,,,,Fluometirc experiment,816
pr-ts84-01,ts84,perfusion_fix,2024-06-25,,,ts,,,,,,,,,,,,,,Fix,808
pr-ts84-02,ts84,cranial_window,2024-06-25,,,ts,,,,,,,,,,,,,,チャンバーづけ,808
pr-ts85-01,ts85,CSF_collection,2024-07-23,,,ts,,,,,,,,,,,,,,CSF Collection,780
pr-ts86-01,ts86,CSF_collection,2024-07-24,,,ts,,,,,,,,,,,,,,CSF Collection,779
pr-ts87-01,ts87,CSF_collection,2024-07-24,,,ts,,,,,,,,,,,,,,CSF Collection,779
pr-ts88-01,ts88,CSF_collection,2024-07-25,,,ts,,,,,,,,,,,,,,CSF Collection,778
pr-ts89-01,ts89,CSF_collection,2024-07-25,,,ts,,,,,,,,,,,,,,CSF Collection,778
pr-ts90-01,ts90,CSF_collection,2024-07-25,,,ts,,,,,,,,,,,,,,CSF Collection,778
pr-ts91-01,ts91,viral_injection,2024-07-26,,,ts,,,,,hsyn-EGFP,,,,,,,,,AAV injection,777
pr-ts91-02,ts91,cranial_window,2024-08-09,,,ts,,,,,,,,,,,,,,チャンバーづけ,763
pr-ts92-01,ts92,imaging,2024-07-29,,,ts,,,,,,,,,,,,,,Fluometirc experiment,774
pr-ts93-01,ts93,viral_injection,2024-07-31,,,ts,,,,,hsyn-EGFP,,,,,,,,,AAV injection,772
pr-ts94-01,ts94,viral_injection,2024-08-02,,,ts,,,,,hsyn-EGFP,,,,,,,,,AAV injection,770
pr-ts94-02,ts94,cranial_window,2024-09-06,,,ts,,,,,,,,,,,,,,チャンバーづけ,735
pr-ts95-01,ts95,viral_injection,2024-08-05,,,ts,,,,,hsyn-EGFP,,,,,,,,,AAV injection,767
pr-ts96-01,ts96,viral_injection,2024-08-06,,,ts,,,,,hsyn-EGFP,,,,,,,,,AAV injection,766
pr-ts96-02,ts96,cranial_window,2024-09-13,,,ts,,,,,,,,,,,,,,チャンバーづけ,728
pr-ts97-01,ts97,viral_injection,2024-08-06,,,ts,,,,,hsyn-EGFP,,,,,,,,,AAV injection,766
pr-ts97-02,ts97,cranial_window,2024-10-10,,,ts,,,,,,,,,,,,,,チャンバーづけ,701
pr-ts98-01,ts98,imaging,2024-08-20,,,ts,,,,,,,,,,,,,,Fluometirc experiment,752
pr-ts99-01,ts99,imaging,2024-08-22,,,ts,,,,,,,,,,,,,,Fluometirc experiment,750
pr-ts100-01,ts100,other,2024-09-05,,,ts,,,,,,,,,,,,,,water intoxication,736
pr-ts101-01,ts101,other,2024-09-05,,,ts,,,,,,,,,,,,,,water intoxication,736
pr-ts102-01,ts102,other,2024-09-05,,,ts,,,,,,,,,,,,,,water intoxication,736
pr-ts103-01,ts103,other,2024-09-05,,,ts,,,,,,,,,,,,,,water intoxication,736
pr-ts104-01,ts104,other,2024-09-05,,,ts,,,,,,,,,,,,,,water intoxication,736
pr-ts105-01,ts105,other,2024-09-05,,,ts,,,,,,,,,,,,,,water intoxication,736
pr-ts106-01,ts106,imaging,2024-09-10,,,ts,,,,,,,,,,,,,,Fluometric measurement,731
pr-ts107-01,ts107,imaging,2024-09-10,,,ts,,,,,,,,,,,,,,Fluometric measurement,731
pr-ts108-01,ts108,PoRTs_window,2024-09-10,,,ts,,,,,,,,,,,,,,PoRTs window,731
pr-ts109-01,ts109,craniotomy,2024-09-19,,,ts,,,,,,,,,,,,,,Craniotomy,722
pr-ts109-02,ts109,cranial_window,2024-09-19,,,ts,,,,,,,,,,,,,,チャンバーづけ,722
pr-ts110-01,ts110,CSF_collection,2024-09-24,,,ts,,,,,,,,,,,,,,CSF Collection,717
pr-ts111-01,ts111,CSF_collection,2024-09-25,,,ts,,,,,,,,,,,,,,CSF Collection,716
pr-ts112-01,ts112,CSF_collection,2024-09-25,,,ts,,,,,,,,,,,,,,CSF Collection,716
pr-ts113-01,ts113,CSF_collection,2024-09-26,,,ts,,,,,,,,,,,,,,CSF Collection,715
pr-ts114-01,ts114,PoRTs_window,2024-10-09,,,ts,,,,,,,,,,,,,,PoRTs and TIS window,702
pr-ts115-01,ts115,PoRTs_window,2024-10-09,,,ts,,,,,,,,,,,,,,PoRTs and TIS window,702
pr-ts117-01,ts117,CSF_collection,2024-10-12,,,ts,,,,,,,,,,,,,,CSF Collection,699
pr-ts118-01,ts118,CSF_collection,2024-10-12,,,ts,,,,,,,,,,,,,,CSF Collection,699
pr-ts119-01,ts119,cranial_window,2024-10-18,,,ts,,,,,,,,,,,,,,Cranial window,693
pr-ts119-02,ts119,femoral_catheter,2024-10-18,,,ts,,,,,,,,,,,,,,Femoral vein catheter,693
pr-ts120-01,ts120,cranial_window,2024-10-18,,,ts,,,,,,,,,,,,,,Cranial window,693
pr-ts120-02,ts120,femoral_catheter,2024-10-18,,,ts,,,,,,,,,,,,,,Femoral vein catheter,693
pr-ts121-01,ts121,cranial_window,2024-10-22,,,ts,,,,,,,,,,,,,,Cranial window,689
pr-ts122-01,ts122,cranial_window,2024-10-22,,,ts,,,,,,,,,,,,,,Cranial window,689
pr-ts122-02,ts122,femoral_catheter,2024-10-22,,,ts,,,,,,,,,,,,,,Femoral vein catheter,689
pr-ts123-01,ts123,CM_injection,2024-10-24,,,ts,,,,,,,,,,,,,,CM injection,687
pr-ts123-02,ts123,cranial_window,2024-10-24,,,ts,,,,,,,,,,,,,,チャンバーづけ,687
pr-ts124-01,ts124,other,2024-10-25,,,ts,,,,,,,,,,,,,,Injection,686
pr-ts125-01,ts125,cranial_window,2024-10-25,,,ts,,,,,,,,,,,,,,Cranial window,686
pr-ts126-01,ts126,PoRTs_window,2024-10-25,,,ts,,,,,,,,,,,,,,PoRTs window,686
pr-ts127-01,ts127,other,2024-10-28,,,ts,,,,,,,,,,,,,,Injection,683
pr-ts128-01,ts128,PoRTs_window,2024-10-28,,,ts,,,,,,,,,,,,,,PoRTs window,683
pr-ts129-01,ts129,other,2024-10-30,,,ts,,,,,,,,,,,,,,Injection,681
pr-ts130-01,ts130,other,2024-10-30,,,ts,,,,,,,,,,,,,,Control for dCLN,681
pr-ts131-01,ts131,CSF_collection,2024-11-05,,,ts,,,,,,,,,,,,,,CSF Collection,675
pr-ts132-01,ts132,other,2024-11-01,,,ts,,,,,,,,,,,,,,Injection,679
pr-ts133-01,ts133,CSF_collection,2024-11-06,,,ts,,,,,,,,,,,,,,CSF Collection,674
pr-ts134-01,ts134,cranial_window,2024-11-06,,,ts,,,,,,,,,,,,,,Cranial window,674
pr-ts135-01,ts135,CSF_collection,2024-11-11,,,ts,,,,,,,,,,,,,,CSF Collection,669
pr-ts136-01,ts136,CSF_collection,2024-11-12,,,ts,,,,,,,,,,,,,,CSF Collection,668
pr-ts137-01,ts137,CSF_collection,2024-11-12,,,ts,,,,,,,,,,,,,,CSF Collection,668
pr-ts138-01,ts138,other,2024-11-12,,,ts,,,,,,,,,,,,,,Injection,668
pr-ts138-02,ts138,CSF_collection,2024-11-12,,,ts,,,,,,,,,,,,,,CSF Collection,668
pr-ts139-01,ts139,other,2024-11-13,,,ts,,,,,,,,,,,,,,Injection,667
pr-ts139-02,ts139,CSF_collection,2024-11-13,,,ts,,,,,,,,,,,,,,CSF Collection,667
pr-ts140-01,ts140,other,2024-11-13,,,ts,,,,,,,,,,,,,,Injection,667
pr-ts140-02,ts140,CSF_collection,2024-11-13,,,ts,,,,,,,,,,,,,,CSF Collection,667
pr-ts141-01,ts141,other,2024-11-13,,,ts,,,,,,,,,,,,,,Injection,667
pr-ts141-02,ts141,CSF_collection,2024-11-13,,,ts,,,,,,,,,,,,,,CSF Collection,667
pr-ts142-01,ts142,CSF_collection,2024-11-14,,,ts,,,,,,,,,,,,,,CSF Collection,666
pr-ts143-01,ts143,CSF_collection,2024-11-14,,,ts,,,,,,,,,,,,,,CSF Collection,666
pr-ts144-01,ts144,CSF_collection,2024-11-15,,,ts,,,,,,,,,,,,,,CSF Collection,665
pr-ts145-01,ts145,CSF_collection,2024-11-15,,,ts,,,,,,,,,,,,,,CSF Collection,665
pr-ts146-01,ts146,CSF_collection,2024-11-21,,,ts,,,,,,,,,,,,,,CSF Collection,659
pr-ts147-01,ts147,CSF_collection,2024-11-29,,,ts,,,,,,,,,,,,,,CSF Collection,651
pr-ts148-01,ts148,CSF_collection,2024-11-29,,,ts,,,,,,,,,,,,,,CSF Collection,651
pr-ts149-01,ts149,CSF_collection,2024-12-02,,,ts,,,,,,,,,,,,,,CSF Collection,648
pr-ts150-01,ts150,CSF_collection,2024-12-03,,,ts,,,,,,,,,,,,,,CSF Collection,647
pr-ts151-01,ts151,CSF_collection,2024-12-03,,,ts,,,,,,,,,,,,,,CSF Collection,647
pr-ts152-01,ts152,CSF_collection,2024-12-04,,,ts,,,,,,,,,,,,,,CSF Collection,646
pr-ts153-01,ts153,CSF_collection,2024-12-09,,,ts,,,,,,,,,,,,,,CSF Collection,641
pr-ts154-01,ts154,CSF_collection,2024-12-09,,,ts,,,,,,,,,,,,,,CSF Collection,641
pr-ts155-01,ts155,CSF_collection,2024-12-10,,,ts,,,,,,,,,,,,,,CSF Collection,640
pr-ts156-01,ts156,CSF_collection,2024-12-11,,,ts,,,,,,,,,,,,,,CSF Collection,639
pr-ts157-01,ts157,CSF_collection,2024-12-12,,,ts,,,,,,,,,,,,,,CSF Collection,638
pr-ts158-01,ts158,CSF_collection,2024-12-12,,,ts,,,,,,,,,,,,,,CSF Collection,638
pr-ts159-01,ts159,CSF_collection,2024-12-13,,,ts,,,,,,,,,,,,,,CSF Collection,637
pr-ts160-01,ts160,CSF_collection,2024-12-13,,,ts,,,,,,,,,,,,,,CSF Collection,637
pr-ts161-01,ts161,perfusion_fix,2024-12-26,,,ts,,,,,,,,,,,,,,Fix,624
pr-ts162-01,ts162,perfusion_fix,2025-01-07,,,ts,,,,,,,,,,,,,,Fix,612
pr-ts163-01,ts163,perfusion_fix,2025-01-07,,,ts,,,,,,,,,,,,,,Fix,612
pr-ts164-01,ts164,tissue_clearing,2025-01-10,,,ts,,,,,,,,,,,,,,Tissue clearing,609
pr-ts165-01,ts165,viral_injection,2025-01-14,,,ts,,,,,hsyn-EGFP,,,,,,,,,AAV injection,605
pr-ts165-02,ts165,cranial_window,2025-02-05,,,ts,,,,,,,,,,,,,,チャンバーづけ,583
pr-ts166-01,ts166,femoral_catheter,2025-01-15,,,ts,,,,,,,,,,,,,,Femoral vein cathter,604
pr-ts167-01,ts167,femoral_catheter,2025-01-17,,,ts,,,,,,,,,,,,,,Femoral vein cathter,602
pr-ts168-01,ts168,femoral_catheter,2025-01-20,,,ts,,,,,,,,,,,,,,Femoral vein cathter,599
pr-ts168-02,ts168,cranial_window,2025-01-20,,,ts,,,,,,,,,,,,,,チャンバーづけ,599
pr-ts169-01,ts169,other,2025-01-23,,,ts,,,,,,,,,,,,,,DB53 test,596
pr-ts170-01,ts170,PoRTs_window,2025-01-27,,,ts,,,,,,,,,,,,,,PoRTs window,592
pr-ts171-01,ts171,other,2025-01-27,,,ts,,,,,,,,,,,,,,KX test,592
pr-ts172-01,ts172,other,2025-01-27,,,ts,,,,,,,,,,,,,,KX test,592
pr-ts173-01,ts173,PoRTs_window,2025-01-28,,,ts,,,,,,,,,,,,,,PoRTs window,591
pr-ts186-01,ts186,PoRTs_window,2025-02-05,,,ts,,,,,,,,,,,,,,PoRTs window,583
pr-ts187-01,ts187,PoRTs_window,2025-02-06,,,ts,,,,,,,,,,,,,,PoRTs window,582
pr-ts188-01,ts188,PoRTs_window,2025-02-13,,,ts,,,,,,,,,,,,,,PoRTs window,575
pr-ts190-01,ts190,other,2025-02-17,,,ts,,,,,,,,,,,,,,Injection,571
pr-ts191-01,ts191,other,2025-02-17,,,ts,,,,,,,,,,,,,,Injection,571
pr-ts192-01,ts192,other,2025-02-17,,,ts,,,,,,,,,,,,,,Injection,571
pr-ts193-01,ts193,other,2025-02-20,,,ts,,,,,,,,,,,,,,Injection,568
pr-ts194-01,ts194,other,2025-02-20,,,ts,,,,,,,,,,,,,,Injection,568
pr-ts195-01,ts195,other,2025-02-27,,,ts,,,,,,,,,,,,,,Injection,561
pr-ts196-01,ts196,other,2025-02-27,,,ts,,,,,,,,,,,,,,Injection,561
pr-ts197-01,ts197,other,2025-02-28,,,ts,,,,,,,,,,,,,,Injection,560
pr-ts198-01,ts198,other,2025-02-28,,,ts,,,,,,,,,,,,,,Injection,560
pr-ts199-01,ts199,other,2025-03-03,,,ts,,,,,,,,,,,,,,Injection,557
pr-ts200-01,ts200,other,2025-03-05,,,ts,,,,,,,,,,,,,,Injection,555
pr-ts201-01,ts201,other,2025-03-07,,,ts,,,,,,,,,,,,,,Injection,553
pr-ts202-01,ts202,other,2025-03-07,,,ts,,,,,,,,,,,,,,Injection,553
pr-ts203-01,ts203,other,2025-03-09,,,ts,,,,,,,,,,,,,,Injection,551
pr-ts204-01,ts204,other,2025-03-10,,,ts,,,,,,,,,,,,,,Injection,550
pr-ts205-01,ts205,other,2025-03-12,,,ts,,,,,,,,,,,,,,Injection,548
pr-ts206-01,ts206,other,2025-03-12,,,ts,,,,,,,,,,,,,,Injection,548
pr-ts207-01,ts207,other,2025-03-12,,,ts,,,,,,,,,,,,,,Injection,548
pr-ts208-01,ts208,other,2025-03-12,,,ts,,,,,,,,,,,,,,Injection,548
pr-ts209-01,ts209,other,2025-03-13,,,ts,,,,,,,,,,,,,,Injection,547
pr-ts210-01,ts210,PoRTs_window,2025-04-04,,,ts,,,,,,,,,,,,,,PoRTs window,525
pr-ts211-01,ts211,PoRTs_window,2025-04-07,,,ts,,,,,,,,,,,,,,PoRTs window,522
pr-ts212-01,ts212,PoRTs_window,2025-04-08,,,ts,,,,,,,,,,,,,,PoRTs window,521
pr-ts213-01,ts213,PoRTs_window,2025-04-08,,,ts,,,,,,,,,,,,,,PoRTs window,521
pr-ts214-01,ts214,other,2025-05-12,,,ts,,,,,,,,,,,,,,TGN020 test,487
pr-ts215-01,ts215,other,2025-05-12,,,ts,,,,,,,,,,,,,,TGN020 test,487
pr-ts216-01,ts216,other,2025-05-12,,,ts,,,,,,,,,,,,,,TGN020 test,487
pr-ts217-01,ts217,other,2025-05-12,,,ts,,,,,,,,,,,,,,TGN020 test,487
pr-ts218-01,ts218,other,2025-05-12,,,ts,,,,,,,,,,,,,,TGN020 test,487
pr-ts219-01,ts219,other,2025-05-12,,,ts,,,,,,,,,,,,,,TGN020 test,487
pr-ts220-01,ts220,PoRTs_window,2025-05-27,,,ts,,,,,,,,,,,,,,PoRTs window,472
pr-ts223-01,ts223,PoRTs_window,2025-05-28,,,ts,,,,,,,,,,,,,,PoRTs window,471
pr-ts224-01,ts224,PoRTs_window,2025-05-29,,,ts,,,,,,,,,,,,,,PoRTs window,470
pr-ts225-01,ts225,PoRTs_window,2025-05-30,,,ts,,,,,,,,,,,,,,PoRTs window,469
pr-ts226-01,ts226,PoRTs_window,2025-06-04,,,ts,,,,,,,,,,,,,,PoRTs window,464
pr-ts227-01,ts227,PoRTs_window,2025-06-06,,,ts,,,,,,,,,,,,,,PoRTs window,462
pr-ts228-01,ts228,femoral_catheter,2025-07-08,,,ts,,,,,,,,,,,,,,Femoral vein catheter test,430
pr-ts229-01,ts229,PoRTs_window,2025-07-10,,,ts,,,,,,,,,,,,,,PoRTs window,428
pr-ts230-01,ts230,craniotomy,2025-07-10,,,ts,,,,,,,,,,,,,,Craniotomy,428
pr-ts230-02,ts230,cranial_window,2025-07-10,,,ts,,,,,,,,,,,,,,チャンバーづけ,428
pr-ts231-01,ts231,PoRTs_window,2025-07-11,,,ts,,,,,,,,,,,,,,PoRTs window,427
pr-ts232-01,ts232,femoral_catheter,2025-08-18,,,ts,,,,,,,,,,,,,,Femoral vein catheter test,389
pr-ts233-01,ts233,femoral_catheter,2025-08-18,,,ts,,,,,,,,,,,,,,Femoral vein catheter test,389
pr-ts234-01,ts234,femoral_catheter,2025-08-20,,,ts,,,,,,,,,,,,,,Femoral vein catheter test,387
pr-ts235-01,ts235,ICM_injection,2025-08-25,,,ts,,,,,,,,,,,,,,Ventricle cathter test,382
pr-ts236-01,ts236,femoral_catheter,2025-08-27,,,ts,,,,,,,,,,,,,,Femoral vein catheter test,380
pr-ts237-01,ts237,femoral_catheter,2025-09-02,,,ts,,,,,,,,,,,,,,Femoral vein catheter test,374
pr-ts238-01,ts238,femoral_catheter,2025-09-03,,,ts,,,,,,,,,,,,,,Femoral vein catheter test,373
pr-ts239-01,ts239,femoral_catheter,2025-09-03,,,ts,,,,,,,,,,,,,,Femoral vein catheter test,373
pr-ts240-01,ts240,femoral_catheter,2025-09-03,,,ts,,,,,,,,,,,,,,Femoral vein catheter test,373
pr-ts241-01,ts241,femoral_catheter,2025-09-04,,,ts,,,,,,,,,,,,,,Femoral vein catheter test,372
pr-ts242-01,ts242,PoRTs_window,2025-09-19,,,ts,,,,,,,,,,,,,,PoRTs window,357
pr-ts243-01,ts243,ICM_injection,2025-09-25,,,ts,,,,,,,,,,,,,,Intraventricle injection of Rh,351
pr-ts243-02,ts243,cranial_window,2025-09-25,,,ts,,,,,,,,,,,,,,チャンバーづけ,351
pr-ts244-01,ts244,femoral_catheter,2025-09-26,,,ts,,,,,,,,,,,,,,Femoral vein catheter test,350
pr-ts245-01,ts245,PoRTs_window,2025-09-26,,,ts,,,,,,,,,,,,,,PoRTs window,350
pr-ts246-01,ts246,femoral_catheter,2025-09-30,,,ts,,,,,,,,,,,,,,Femoral vein catheter test,346
pr-ts247-01,ts247,PoRTs_window,2025-10-03,,,ts,,,,,,,,,,,,,,PoRTs window,343
pr-ts248-01,ts248,PoRTs_window,2025-10-04,,,ts,,,,,,,,,,,,,,PoRTs window,342
pr-ts249-01,ts249,PoRTs_window,2025-10-14,,,ts,,,,,,,,,,,,,,PoRTs window,332
pr-ts250-01,ts250,PoRTs_window,2025-10-20,,,ts,,,,,,,,,,,,,,PoRTs window,326
pr-ts251-01,ts251,PoRTs_window,2025-10-20,,,ts,,,,,,,,,,,,,,PoRTs window,326
pr-ts252-01,ts252,ICM_injection,2025-10-20,,,ts,,,,,,,,,,,,,,Ventricle cathter test,326
pr-ts252-02,ts252,cranial_window,2025-10-20,,,ts,,,,,,,,,,,,,,チャンバーづけ,326
pr-ts253-01,ts253,ICM_injection,2025-10-20,,,ts,,,,,,,,,,,,,,Ventricle cathter test,326
pr-ts253-02,ts253,cranial_window,2025-10-20,,,ts,,,,,,,,,,,,,,チャンバーづけ,326
pr-ts254-01,ts254,viral_injection,2025-10-21,,,ts,,,,,AAV-AST CMVenhancer-hGfaABC1D-GFP-Wpre,,,,,,,,,AAV-AST test,325
pr-ts254-02,ts254,cranial_window,2025-11-21,,,ts,,,,,,,,,,,,,,チャンバーづけ,294
pr-ts255-01,ts255,viral_injection,2025-10-21,,,ts,,,,,AAV-AST2: CMVenhancer-hGfaABC1D-GFP-Wpre,,,,,,,,,AAV-AST test,325
pr-ts256-01,ts256,viral_injection,2025-10-21,,,ts,,,,,AAV-AST2: mGfaABC1D-mCherry-Wpre,,,,,,,,,AAV-AST test,325
pr-ts257-01,ts257,viral_injection,2025-10-21,,,ts,,,,,,,,,,,,,,AAV-AST test,325
pr-ts257-02,ts257,cranial_window,2025-11-21,,,ts,,,,,,,,,,,,,,チャンバーづけ,294
pr-ts258-01,ts258,imaging,2025-11-27,,,ts,,,,,,,,,,,,,,ear,288
pr-ts259-01,ts259,imaging,2025-11-27,,,ts,,,,,,,,,,,,,,ear,288
pr-ts260-01,ts260,imaging,2025-11-28,,,ts,,,,,,,,,,,,,,ear,287
pr-ts262-01,ts262,cranial_window,2025-12-17,,,ts,,,,,,,,,,,,,,チャンバーづけ,268
pr-ts263-01,ts263,cranial_window,2025-12-17,,,ts,,,,,,,,,,,,,,チャンバーづけ,268
pr-ts264-01,ts264,other,2026-01-20,,,ts,,,,,,,,,,,,,,jagular vein test,234
pr-ts264-02,ts264,cranial_window,2026-01-20,,,ts,,,,,,,,,,,,,,チャンバーづけ,234
pr-ts265-01,ts265,other,2026-01-22,,,ts,,,,,,,,,,,,,,jagular vein test,232
pr-ts265-02,ts265,cranial_window,2026-01-22,,,ts,,,,,,,,,,,,,,チャンバーづけ,232
pr-ts266-01,ts266,other,2026-01-22,,,ts,,,,,,,,,,,,,,jagular vein test,232
pr-ts266-02,ts266,cranial_window,2026-01-22,,,ts,,,,,,,,,,,,,,チャンバーづけ,232
pr-ts267-01,ts267,PoRTs_window,2026-01-23,,,ts,,,,,,,,,,,,,,PoRTs window,231
pr-ts268-01,ts268,perfusion_fix,2026-01-26,,,ts,,,,,,,,,,,,,,Fix test,228
pr-ts269-01,ts269,ICM_injection,2026-01-26,,,ts,,,,,,,,,,,,,,Ventricle cathter test,228
pr-ts269-02,ts269,cranial_window,2026-01-26,,,ts,,,,,,,,,,,,,,チャンバーづけ,228
pr-ts270-01,ts270,viral_injection,2026-01-28,,,ts,,,,,AAV-AST CMVenhancer-hGfaABC1D-GFP-Wpre,,,,,,,,,AAV-AST test,226
pr-ts271-01,ts271,viral_injection,2026-01-28,,,ts,,,,,AAV-AST2: CMVenhancer-hGfaABC1D-GFP-Wpre,,,,,,,,,AAV-AST test,226
pr-ts272-01,ts272,viral_injection,2026-01-28,,,ts,,,,,AAV-AST2: mGfaABC1D-mCherry-Wpre,,,,,,,,,AAV-AST test,226
pr-ts273-01,ts273,PoRTs_window,2026-01-29,,,ts,,,,,,,,,,,,,,PoRTs window,225
pr-ts274-01,ts274,cranial_window,2026-01-30,,,ts,,,,,,,,,,,,,,chamber,224
pr-ts275-01,ts275,other,2026-02-10,,,ts,,,,,,,,,,,,,,jagular vein test,213
pr-ts275-02,ts275,cranial_window,2026-02-10,,,ts,,,,,,,,,,,,,,チャンバーづけ,213
pr-ts276-01,ts276,other,2026-02-13,,,ts,,,,,,,,,,,,,,jagular vein test,210
pr-ts276-02,ts276,cranial_window,2026-02-13,,,ts,,,,,,,,,,,,,,チャンバーづけ,210
pr-ts277-01,ts277,other,2026-02-18,,,ts,,,,,,,,,,,,,,jagular vein test,205
pr-ts277-02,ts277,cranial_window,2026-02-18,,,ts,,,,,,,,,,,,,,チャンバーづけ,205
pr-ts278-01,ts278,other,2026-02-20,,,ts,,,,,,,,,,,,,,jagular vein test,203
pr-ts278-02,ts278,cranial_window,2026-02-20,,,ts,,,,,,,,,,,,,,チャンバーづけ,203
pr-ts279-01,ts279,other,2026-02-20,,,ts,,,,,,,,,,,,,,jagular vein test,203
pr-ts279-02,ts279,cranial_window,2026-02-20,,,ts,,,,,,,,,,,,,,チャンバーづけ,203
pr-ts280-01,ts280,imaging,2026-03-10,,,ts,,,,,,,,,,,,,,ear imaging,185
pr-ts281-01,ts281,imaging,2026-03-12,,,ts,,,,,,,,,,,,,,ear imaging,183
pr-ts282-01,ts282,imaging,2026-03-24,,,ts,,,,,,,,,,,,,,ear imaging,171
pr-ts283-01,ts283,imaging,2026-04-09,,,ts,,,,,,,,,,,,,,ear imaging,155
pr-ts284-01,ts284,imaging,2026-04-09,,,ts,,,,,,,,,,,,,,ear imaging,155
pr-ts285-01,ts285,imaging,2026-04-10,,,ts,,,,,,,,,,,,,,ear imaging,154
pr-ts288-01,ts288,imaging,2026-04-13,,,ts,,,,,,,,,,,,,,ear imaging,151
pr-ts289-01,ts289,imaging,2026-04-23,,,ts,,,,,,,,,,,,,,ear imaging,141
pr-sk1-01,sk1,other,2026-02-06,,,sk,,,,,,,,,,,,,,head plate,217
pr-sk2-01,sk2,other,2026-02-16,,,sk,,,,,,,,,,,,,,チャンバーづけ,207
pr-sk2-02,sk2,cranial_window,2026-02-16,,,sk,,,,,,,,,,,,,,チャンバーづけ,207
pr-sk3-01,sk3,cranial_window,2026-02-20,,,sk,,,,,,,,,,,,,,windowつけ,203
pr-sk4-01,sk4,cranial_window,2026-02-27,,,sk,,,,,,,,,,,,,,windowつけ,196
pr-sk5-01,sk5,cranial_window,2026-03-09,,,sk,,,,,,,,,,,,,,windowつけ,186
pr-sk6-01,sk6,cranial_window,2026-03-09,,,sk,,,,,,,,,,,,,,windowつけ,186
pr-sk7-01,sk7,cranial_window,2026-03-09,,,sk,,,,,,,,,,,,,,windowつけ,186
pr-sk8-01,sk8,cranial_window,2026-03-27,,,sk,,,,,,,,,,,,,,windowつけ,168
pr-sk9-01,sk9,PoRTs_window,2026-03-30,,,sk,,,,,,,,,,,,,,windowつけ,165
pr-sk10-01,sk10,cranial_window,2026-04-02,,,sk,,,,,,,,,,,,,,windowつけ,162
pr-sk11-01,sk11,other,2026-04-07,,,sk,,,,,,,,,,,,,,injection test,157
pr-sk12-01,sk12,PoRTs_window,2026-04-09,,,sk,,,,,,,,,,,,,,windowつけ,155
pr-sk13-01,sk13,PoRTs_window,2026-04-16,,,sk,,,,,,,,,,,,,,windowつけ,148
pr-sk14-01,sk14,viral_injection,2026-04-16,,,sk,,,,,AAV1-hSyn-soma-GCamp8s,,,,,,,,,aav injection,148
pr-sk15-01,sk15,PoRTs_window,2026-04-20,,,sk,,,,,,,,,,,,,,windowつけ,144
pr-sk16-01,sk16,viral_injection,2026-04-21,,,sk,,,,,AAV1-hSyn-soma-GCamp8s(1/3),,,,,,,,,aav injection,143
pr-sk17-01,sk17,viral_injection,2026-04-22,,,sk,,,,,AAV1-hSyn-soma-GCamp8s(1/3),,,,,,,,,aav injection,142
pr-sk18-01,sk18,CM_injection,2026-04-28,,,sk,,,,,,,,,,,,,,大槽内投与,136
pr-sk19-01,sk19,CM_injection,2026-04-28,,,sk,,,,,,,,,,,,,,大槽内投与,136
pr-sk20-01,sk20,PoRTs_window,2026-04-30,,,sk,,,,,,,,,,,,,,windowつけ,134
pr-sk21-01,sk21,PoRTs_window,2026-05-07,,,sk,,,,,,,,,,,,,,windowつけ,127
pr-sk22-01,sk22,PoRTs_window,2026-05-12,,,sk,,,,,,,,,,,,,,windowつけ,122
pr-sk23-01,sk23,PoRTs_window,2026-05-14,,,sk,,,,,,,,,,,,,,windowつけ,120
pr-sk24-01,sk24,PoRTs_window,2026-05-14,,,sk,,,,,,,,,,,,,,windowつけ,120
pr-sk25-01,sk25,viral_injection,2026-05-28,ser-sk25-01,1,sk,3-mixed,ip,ketoprophen,sc,AAV1-hSyn-soma-GCamp8s(1/3),ic,L,Barrel cortex,,,,,,aav injection,106
pr-sk26-01,sk26,PoRTs_window,2026-06-01,ser,,sk,,,,,,,,,,,,,,windowつけ,102
pr-sk27-01,sk27,viral_injection,2026-06-02,ser-sk27-01,,sk,3-mixed,,ketoprophen,sc,AAV1-hSyn-soma-GCamp8s(1/3),ic,L,Barrel cortex,,,,,,aav injection,101
pr-sk28-01,sk28,viral_injection,2026-06-02,ser-sk28-01,,sk,3-mixed,,ketoprophen,sc,AAV1-hSyn-soma-GCamp8s(1/3),ic,L,Barrel cortex,,,,,,aav injection,101
pr-sk29-01,sk29,viral_injection,2026-06-04,ser-sk29-01,,sk,3-mixed,,ketoprophen,sc,AAV1-hSyn-soma-GCamp8s(1/3),ic,L,Barrel cortex,,,,,,aav injection,99
pr-sk30-01,sk30,viral_injection,2026-06-04,,,sk,3-mixed,,ketoprophen,sc,AAV1-hSyn-soma-GCamp8s(1/3),ic,L,Barrel cortex,,,,,,aav injection,99
pr-sk31-01,sk31,PoRTs_window,2026-06-08,,,sk,,,,,,,,,,,,,,windowつけ,95
pr-sk32-01,sk32,PoRTs_window,2026-06-08,,,sk,,,,,,,,,,,,,,windowつけ,95
pr-sk33-01,sk33,PoRTs_window,2026-06-09,,,sk,,,,,,,,,,,,,,windowつけ,94
pr-sk34-01,sk34,cranial_window,2026-06-11,,,sk,,,,,,,,,,,,,,cranial window implantation,92
pr-sk35-01,sk35,cranial_window,2026-06-11,,,sk,,,,,,,,,,,,,,cranial window implantation,92
pr-sk36-01,sk36,cranial_window,2026-06-11,,,sk,,,,,,,,,,,,,,cranial window implantation,92
pr-ts290-01,ts290,PoRTs_window,2026-05-13,ser-ts290-01,1,ts,3-mixed,ip,ketoprophen,sc,,,,,,,,,,,121
pr-sk37-01,sk37,cranial_window,2026-06-15,ser-sk37-01,1,sk,3-mixed,ip,ketoprophen,sc,,,,,,,,,,,88
pr-sk38-01,sk38,cranial_window,2026-06-22,ser-sk38-01,1,sk,3-mixed,ip,ketoprophen,sc,,,,,,,,,,,81
pr-sk25-02,sk25,cranial_window,2026-06-23,ser-sk25-01,2,sk,3-mixed,ip,ketoprophen,sc,,,,,,,,,,,80
pr-sk27-02,sk27,cranial_window,2026-06-25,ser-sk27-01,2,sk,isoflurane,inhalation,ketoprophen,sc,,,,,,,,,,,78
pr-ts290-02,ts290,tail-vein_catheter,2026-06-26,ser-ts290-01,,ts,3-mixed,ip,ketoprophen,sc,,,,,,,,,,,77
pr-sk39-01,sk39,PoRTs_window,2026-06-30,ser-sk39-01,1,sk,3-mixed,ip,ketoprophen,sc,,,,,,,,,,,73
pr-sk40-01,sk40,PoRTs_window,2026-06-30,ser-sk40-01,1,sk,3-mixed,ip,ketoprophen,sc,,,,,,,,,,,73
pr-sk41-01,sk41,PoRTs_window,2026-07-02,ser-sk41-01,1,sk,3-mixed,ip,ketoprophen,sc,,,,,,,,,,,71
pr-sk28-02,sk28,cranial_window,2026-07-02,ser-sk28-01,2,sk,isoflurane,inhalation,ketoprophen,sc,,,,,,,,,,,71
pr-sk27-03,sk27,imaging,2026-07-06,ser-sk27-01,3,ts,isoflurane,inhalation,,,,,,,,,,,,,67
pr-sk42-01,sk42,CM_injection,2026-07-07,ser-sk42-01,1,sk,ketamine_xylazine,ip,ketoprophen,sc,2.5% Alexa647-BSA,,,,,,,,,,66
pr-sk27-04,sk27,imaging,2026-07-07,ser-sk27-01,1,ts,ketamine_xylazine,ip,,,,,,,,,,,,,66
pr-sk33-02,sk33,jagular-vein_catheter,2026-07-07,ser-sk33-01,,ts,3-mixed,ip,ketoprophen,sc,,,,,,,,,,,66
pr-sk33-03,sk33,imaging,2026-07-07,ser-sk33-01,,ts,3-mixed,ip,ketoprophen,sc,,,,,,,,,,,66
pr-sk22-02,sk22,jagular-vein_catheter,2026-07-09,ser-sk22-01,,ts,3-mixed,ip,ketoprophen,sc,,,,,,,,,,,64
pr-sk22-03,sk22,imaging,2026-07-09,ser-sk22-01,,ts,3-mixed,ip,,,,,,,,,,,,,64
pr-sk43-01,sk43,CM_injection,2026-07-13,ser-sk43-01,1,sk,ketamine_xylazine,ip,ketoprophen,sc,25mg/ml TX Red-3kDa/saline,,,,,,,,,,60
pr-sk44-01,sk44,other,2026-07-13,ser-sk44-01,1,sk,ketamine_xylazine,ip,ketoprophen,sc,,,,,,,,,,,60
pr-sk45-01,sk45,CM_injection,2026-07-21,ser-sk45-01,1,sk,3-mixed,ip,ketoprophen,sc,25mg/ml 3kDa dextran fliorescein/ACSF,,,,,,,,,,52
pr-sk46-01,sk46,CM_injection,2026-07-27,ser-sk46-01,1,sk,3-mixed,ip,ketoprophen,sc,25mg/ml 3kDa dextran fliorescein/ACSF,,,,,,,,,,46
pr-sk47-01,sk47,striatum_cannula,2026-07-30,ser-sk47-01,1,sk,3-mixed,ip,ketoprophen,sc,,,L,striatum,-0.6,-2,-3.3,,,,43
pr-sk21-02,sk21,jagular-vein_catheter,2026-07-31,ser-sk21-01,1,ts,3-mixed,ip,ketoprophen,sc,,,,,,,,,,,42
pr-sk48-01,sk48,CM_injection,2026-08-03,ser-sk48-01,1,sk,ketamine_xylazine,ip,ketoprophen,sc,25mg/ml 3kDa dextran fliorescein/ACSF,,,,,,,,,,39
pr-sk28-03,sk28,imaging,2026-08-03,ser-sk28-01,1,ts,isoflurane,inhalation,,,,,,,,,,,,,39
pr-sk47-02,sk47,striatum_injection,2026-08-06,ser-sk47-01,2,sk,3-mixed,ip,ketoprophen,sc,,,,,,,,,,,36
pr-sk24-02,sk24,jagular-vein_catheter,2026-08-06,ser-sk24-01,1,ts,3-mixed,ip,ketoprophen,sc,,,,,,,,,,,36
pr-sk24-03,sk24,imaging,2026-08-06,ser-sk24-01,1,ts,3-mixed,ip,ketoprophen,sc,,,,,,,,,,,36
pr-sk49-01,sk49,viral_injection,2026-08-17,ser-sk49-01,1,sk,3-mixed,ip,ketoprophen,sc,AAV1-hSyn-soma-GCamp8s(1/3),ic,L,Barrel cortex,-1.7,-2.5,-0.5,,,,25
pr-sk50-01,sk50,brain_sampling,2026-08-18,ser-sk50-01,1,sk,ketamine_xylazine,ip,ketoprophen,sc,,,,,,,,,,,24
pr-sk51-01,sk51,brain_sampling,2026-08-18,ser-sk51-01,1,sk,ketamine_xylazine,ip,ketoprophen,sc,,,,,,,,,,,24
pr-sk52-01,sk52,viral_injection,2026-08-18,ser-sk52-01,1,sk,3-mixed,ip,ketoprophen,sc,AAV1-hSyn-soma-GCamp8s(1/3),ic,L,Barrel cortex,-1.7,-2.5,-0.5,,,,24
pr-sk53-01,sk53,viral_injection,2026-08-20,ser-sk53-01,1,sk,3-mixed,ip,ketoprophen,sc,AAV1-hSyn-soma-GCamp8s(1/3),ic,L,Barrel cortex,-1.7,-2.5,-0.5,,,,22
pr-sk54-01,sk54,viral_injection,2026-08-20,ser-sk54-01,1,sk,3-mixed,ip,ketoprophen,sc,AAV1-hSyn-soma-GCamp8s(1/3),ic,L,Barrel cortex,-1.7,-2.5,-0.5,,,,22
pr-sk55-01,sk55,viral_injection,2026-08-20,ser-sk55-01,1,sk,3-mixed,ip,ketoprophen,sc,AAV1-hSyn-soma-GCamp8s(1/3),ic,L,Barrel cortex,-1.7,-2.5,-0.5,,,小柄(15.5g),22
pr-sk56-01,sk56,viral_injection,2026-08-24,ser-sk56-01,1,sk,3-mixed,ip,ketoprophen,sc,AAV1-hSyn-soma-GCamp8s(1/3),ic,L,Barrel cortex,-1.7,-2.5,-0.5,,,,18
pr-sk57-01,sk57,CM_injection,2026-08-25,ser-sk57-01 ,1,sk,ketamine_xylazine,ip,ketoprophen,sc,25mg/ml 3kDa dextran fliorescein/ACSF,,,,,,,,,,17
pr-sk58-01,sk58,CM_injection,2026-08-25,ser-sk58-01,1,sk,ketamine_xylazine,ip,ketoprophen,sc,25mg/ml 3kDa dextran fliorescein/ACSF,,,,,,,,,,17
pr-sk59-01,sk59,CM_injection,2026-08-25,ser-sk58-01,1,sk,3-mixed,ip,ketoprophen,sc,25mg/ml 3kDa dextran fliorescein/ACSF,,,,,,,,,,17
pr-sk29-02,sk29,cranial_window,2026-08-31,ser-sk29-01,2,sk,isoflurane,inhalation,ketoprophen,sc,,,,,,,,,,一部硬膜下に少し血が溜まった。視野の1/3くらい硬膜が剥がれた,11
pr-sk30-02,sk30,cranial_window,2026-09-01,ser-sk30-01,2,sk,isoflurane,inhalation,ketoprophen,sc,,,,,,,,,,硬膜下に少し血が溜まった(injectionの際に針が刺さったあたり),10
pr-sk49-02,sk49,cranial_window,2026-09-01,ser-sk49-01,2,sk,isoflurane,inhalation,ketoprophen,sc,,,,,,,,,,windowと硬膜の間に少し血が混ざったかもしれない,10
pr-sk52-02,sk52,cranial_window,2026-09-03,ser-sk52-01,2,sk,isoflurane,inhalation,ketoprophen,sc,,,,,,,,,,windowを付けた後に硬膜下の血管から出血→止まったが血が溜まっている,8
pr-sk53-02,sk53,cranial_window,2026-09-03,ser-sk53-01,2,sk,isoflurane,inhalation,ketoprophen,sc,,,,,,,,,,,8
pr-sk55-02,sk55,cranial_window,2026-09-03,ser-sk55-01,2,sk,isoflurane,inhalation,ketoprophen,sc,,,,,,,,,,視野の端のあたりおそらくWindowの圧迫によって出血(硬膜下),8
pr-sk56-02,sk56,cranial_window,2026-09-08,ser-sk56-01,2,sk,isoflurane,inhalation,ketoprophen,sc,,,,,,,,,,injectionした箇所および頭蓋骨表面の状態があまり良くなかった。硬膜下で広範囲にうっすらと血が溜まった「,3
pr-sk54-02,sk54,cranial_window,2026-09-10,ser-sk54-01,2,sk,isoflurane,inhalation,ketoprophen,sc,,,,,,,,,,,1
pr-sk49-03,sk49,imaging,2026-09-11,ser-sk49-01,1,ts,isoflurane,inhalation,,,,,,,,,,,,,0
